Detector;Time;qPKW;vPKW
27504I;0;38;40
27504I;60;17;40
27504I;120;16;40
27504I;180;11;40
27504I;240;16;40
27504I;300;64;40
27504I;360;141;40
27504I;420;301;40
27504I;480;283;40
27504I;540;276;40
27504I;600;199;40
27504I;660;208;40
27504I;720;226;40
27504I;780;177;40
27504I;840;228;40
27504I;900;244;40
27504I;960;237;40
27504I;1020;287;40
27504I;1080;231;40
27504I;1140;174;40
27504I;1200;165;40
27504I;1260;151;40
27504I;1320;96;40
27504I;1380;77;40
27504O;0;21;40
27504O;60;18;40
27504O;120;13;40
27504O;180;10;40
27504O;240;7;40
27504O;300;19;40
27504O;360;58;40
27504O;420;139;40
27504O;480;272;40
27504O;540;230;40
27504O;600;189;40
27504O;660;194;40
27504O;720;217;40
27504O;780;161;40
27504O;840;224;40
27504O;900;272;40
27504O;960;314;40
27504O;1020;279;40
27504O;1080;227;40
27504O;1140;154;40
27504O;1200;124;40
27504O;1260;111;40
27504O;1320;47;40
27504O;1380;42;40
e1_18I;0;27;40
e1_18I;60;14;40
e1_18I;120;9;40
e1_18I;180;9;40
e1_18I;240;10;40
e1_18I;300;20;40
e1_18I;360;59;40
e1_18I;420;103;40
e1_18I;480;157;40
e1_18I;540;171;40
e1_18I;600;177;40
e1_18I;660;192;40
e1_18I;720;213;40
e1_18I;780;227;40
e1_18I;840;220;40
e1_18I;900;238;40
e1_18I;960;266;40
e1_18I;1020;264;40
e1_18I;1080;239;40
e1_18I;1140;176;40
e1_18I;1200;133;40
e1_18I;1260;100;40
e1_18I;1320;67;40
e1_18I;1380;45;40
e1_18O;0;29;40
e1_18O;60;15;40
e1_18O;120;10;40
e1_18O;180;13;40
e1_18O;240;12;40
e1_18O;300;26;40
e1_18O;360;59;40
e1_18O;420;115;40
e1_18O;480;169;40
e1_18O;540;164;40
e1_18O;600;164;40
e1_18O;660;178;40
e1_18O;720;202;40
e1_18O;780;216;40
e1_18O;840;213;40
e1_18O;900;232;40
e1_18O;960;255;40
e1_18O;1020;264;40
e1_18O;1080;240;40
e1_18O;1140;185;40
e1_18O;1200;145;40
e1_18O;1260;111;40
e1_18O;1320;74;40
e1_18O;1380;47;40
361240I;0;5;40
361240I;60;3;40
361240I;120;2;40
361240I;180;2;40
361240I;240;2;40
361240I;300;4;40
361240I;360;12;40
361240I;420;20;40
361240I;480;31;40
361240I;540;34;40
361240I;600;35;40
361240I;660;38;40
361240I;720;42;40
361240I;780;45;40
361240I;840;43;40
361240I;900;47;40
361240I;960;52;40
361240I;1020;52;40
361240I;1080;47;40
361240I;1140;34;40
361240I;1200;26;40
361240I;1260;20;40
361240I;1320;13;40
361240I;1380;9;40
361240O;0;6;40
361240O;60;3;40
361240O;120;2;40
361240O;180;3;40
361240O;240;2;40
361240O;300;5;40
361240O;360;12;40
361240O;420;23;40
361240O;480;33;40
361240O;540;32;40
361240O;600;32;40
361240O;660;35;40
361240O;720;40;40
361240O;780;42;40
361240O;840;42;40
361240O;900;45;40
361240O;960;50;40
361240O;1020;52;40
361240O;1080;47;40
361240O;1140;36;40
361240O;1200;29;40
361240O;1260;22;40
361240O;1320;15;40
361240O;1380;9;40
229270;0;4;40
229270;60;2;40
229270;120;2;40
229270;180;2;40
229270;240;2;40
229270;300;4;40
229270;360;10;40
229270;420;17;40
229270;480;25;40
229270;540;26;40
229270;600;27;40
229270;660;29;40
229270;720;33;40
229270;780;35;40
229270;840;34;40
229270;900;37;40
229270;960;41;40
229270;1020;42;40
229270;1080;38;40
229270;1140;28;40
229270;1200;21;40
229270;1260;17;40
229270;1320;11;40
229270;1380;7;40
50401MI;0;47;40
50401MI;60;31;40
50401MI;120;14;40
50401MI;180;39;40
50401MI;240;89;40
50401MI;300;137;40
50401MI;360;418;40
50401MI;420;560;40
50401MI;480;565;40
50401MI;540;526;40
50401MI;600;436;40
50401MI;660;438;40
50401MI;720;445;40
50401MI;780;495;40
50401MI;840;719;40
50401MI;900;827;40
50401MI;960;878;40
50401MI;1020;748;40
50401MI;1080;702;40
50401MI;1140;533;40
50401MI;1200;288;40
50401MI;1260;183;40
50401MI;1320;158;40
50401MI;1380;111;40
50401MO;0;52;40
50401MO;60;32;40
50401MO;120;15;40
50401MO;180;57;40
50401MO;240;103;40
50401MO;300;179;40
50401MO;360;422;40
50401MO;420;621;40
50401MO;480;607;40
50401MO;540;506;40
50401MO;600;404;40
50401MO;660;405;40
50401MO;720;423;40
50401MO;780;471;40
50401MO;840;697;40
50401MO;900;806;40
50401MO;960;841;40
50401MO;1020;748;40
50401MO;1080;705;40
50401MO;1140;560;40
50401MO;1200;315;40
50401MO;1260;201;40
50401MO;1320;174;40
50401MO;1380;117;40
27431MI;0;18;40
27431MI;60;10;40
27431MI;120;6;40
27431MI;180;6;40
27431MI;240;8;40
27431MI;300;25;40
27431MI;360;63;40
27431MI;420;118;40
27431MI;480;193;40
27431MI;540;173;40
27431MI;600;102;40
27431MI;660;121;40
27431MI;720;140;40
27431MI;780;124;40
27431MI;840;152;40
27431MI;900;155;40
27431MI;960;186;40
27431MI;1020;176;40
27431MI;1080;162;40
27431MI;1140;95;40
27431MI;1200;104;40
27431MI;1260;62;40
27431MI;1320;56;40
27431MI;1380;36;40
27431MO;0;19;40
27431MO;60;13;40
27431MO;120;7;40
27431MO;180;3;40
27431MO;240;6;40
27431MO;300;13;40
27431MO;360;62;40
27431MO;420;124;40
27431MO;480;133;40
27431MO;540;135;40
27431MO;600;102;40
27431MO;660;106;40
27431MO;720;103;40
27431MO;780;118;40
27431MO;840;176;40
27431MO;900;155;40
27431MO;960;159;40
27431MO;1020;195;40
27431MO;1080;121;40
27431MO;1140;97;40
27431MO;1200;110;40
27431MO;1260;69;40
27431MO;1320;50;40
27431MO;1380;23;40
350740I;0;19;40
350740I;60;10;40
350740I;120;6;40
350740I;180;6;40
350740I;240;7;40
350740I;300;14;40
350740I;360;41;40
350740I;420;73;40
350740I;480;110;40
350740I;540;120;40
350740I;600;124;40
350740I;660;135;40
350740I;720;150;40
350740I;780;160;40
350740I;840;155;40
350740I;900;167;40
350740I;960;187;40
350740I;1020;186;40
350740I;1080;168;40
350740I;1140;123;40
350740I;1200;94;40
350740I;1260;71;40
350740I;1320;47;40
350740I;1380;31;40
350740O;0;21;40
350740O;60;10;40
350740O;120;7;40
350740O;180;9;40
350740O;240;8;40
350740O;300;18;40
350740O;360;42;40
350740O;420;81;40
350740O;480;119;40
350740O;540;115;40
350740O;600;115;40
350740O;660;125;40
350740O;720;142;40
350740O;780;152;40
350740O;840;150;40
350740O;900;163;40
350740O;960;179;40
350740O;1020;186;40
350740O;1080;169;40
350740O;1140;130;40
350740O;1200;102;40
350740O;1260;78;40
350740O;1320;52;40
350740O;1380;33;40
27415MI;0;41;40
27415MI;60;27;40
27415MI;120;14;40
27415MI;180;11;40
27415MI;240;17;40
27415MI;300;77;40
27415MI;360;158;40
27415MI;420;284;40
27415MI;480;263;40
27415MI;540;266;40
27415MI;600;172;40
27415MI;660;214;40
27415MI;720;228;40
27415MI;780;175;40
27415MI;840;255;40
27415MI;900;260;40
27415MI;960;271;40
27415MI;1020;324;40
27415MI;1080;262;40
27415MI;1140;208;40
27415MI;1200;181;40
27415MI;1260;131;40
27415MI;1320;99;40
27415MI;1380;83;40
27415MO;0;40;40
27415MO;60;24;40
27415MO;120;14;40
27415MO;180;12;40
27415MO;240;25;40
27415MO;300;68;40
27415MO;360;101;40
27415MO;420;98;40
27415MO;480;116;40
27415MO;540;143;40
27415MO;600;167;40
27415MO;660;172;40
27415MO;720;183;40
27415MO;780;166;40
27415MO;840;195;40
27415MO;900;215;40
27415MO;960;220;40
27415MO;1020;184;40
27415MO;1080;190;40
27415MO;1140;164;40
27415MO;1200;180;40
27415MO;1260;139;40
27415MO;1320;104;40
27415MO;1380;97;40
e1_6I;0;8;40
e1_6I;60;4;40
e1_6I;120;3;40
e1_6I;180;3;40
e1_6I;240;3;40
e1_6I;300;6;40
e1_6I;360;18;40
e1_6I;420;31;40
e1_6I;480;48;40
e1_6I;540;52;40
e1_6I;600;53;40
e1_6I;660;58;40
e1_6I;720;64;40
e1_6I;780;69;40
e1_6I;840;67;40
e1_6I;900;72;40
e1_6I;960;81;40
e1_6I;1020;80;40
e1_6I;1080;72;40
e1_6I;1140;53;40
e1_6I;1200;40;40
e1_6I;1260;30;40
e1_6I;1320;20;40
e1_6I;1380;13;40
e1_6O;0;9;40
e1_6O;60;4;40
e1_6O;120;3;40
e1_6O;180;4;40
e1_6O;240;4;40
e1_6O;300;8;40
e1_6O;360;18;40
e1_6O;420;35;40
e1_6O;480;51;40
e1_6O;540;50;40
e1_6O;600;50;40
e1_6O;660;54;40
e1_6O;720;61;40
e1_6O;780;65;40
e1_6O;840;65;40
e1_6O;900;70;40
e1_6O;960;77;40
e1_6O;1020;80;40
e1_6O;1080;73;40
e1_6O;1140;56;40
e1_6O;1200;44;40
e1_6O;1260;33;40
e1_6O;1320;22;40
e1_6O;1380;14;40
294185I;0;13;40
294185I;60;7;40
294185I;120;5;40
294185I;180;5;40
294185I;240;5;40
294185I;300;10;40
294185I;360;30;40
294185I;420;53;40
294185I;480;80;40
294185I;540;87;40
294185I;600;90;40
294185I;660;98;40
294185I;720;108;40
294185I;780;116;40
294185I;840;112;40
294185I;900;121;40
294185I;960;135;40
294185I;1020;134;40
294185I;1080;122;40
294185I;1140;89;40
294185I;1200;68;40
294185I;1260;51;40
294185I;1320;34;40
294185I;1380;23;40
294185O;0;15;40
294185O;60;8;40
294185O;120;5;40
294185O;180;7;40
294185O;240;6;40
294185O;300;13;40
294185O;360;30;40
294185O;420;58;40
294185O;480;86;40
294185O;540;84;40
294185O;600;83;40
294185O;660;90;40
294185O;720;103;40
294185O;780;110;40
294185O;840;109;40
294185O;900;118;40
294185O;960;130;40
294185O;1020;134;40
294185O;1080;122;40
294185O;1140;94;40
294185O;1200;74;40
294185O;1260;56;40
294185O;1320;38;40
294185O;1380;24;40
e1_4I;0;27;40
e1_4I;60;14;40
e1_4I;120;9;40
e1_4I;180;9;40
e1_4I;240;11;40
e1_4I;300;20;40
e1_4I;360;60;40
e1_4I;420;106;40
e1_4I;480;161;40
e1_4I;540;175;40
e1_4I;600;181;40
e1_4I;660;197;40
e1_4I;720;218;40
e1_4I;780;233;40
e1_4I;840;226;40
e1_4I;900;244;40
e1_4I;960;273;40
e1_4I;1020;271;40
e1_4I;1080;245;40
e1_4I;1140;180;40
e1_4I;1200;137;40
e1_4I;1260;103;40
e1_4I;1320;69;40
e1_4I;1380;46;40
e1_4O;0;30;40
e1_4O;60;15;40
e1_4O;120;10;40
e1_4O;180;13;40
e1_4O;240;12;40
e1_4O;300;27;40
e1_4O;360;61;40
e1_4O;420;118;40
e1_4O;480;173;40
e1_4O;540;168;40
e1_4O;600;168;40
e1_4O;660;182;40
e1_4O;720;207;40
e1_4O;780;222;40
e1_4O;840;219;40
e1_4O;900;237;40
e1_4O;960;262;40
e1_4O;1020;271;40
e1_4O;1080;246;40
e1_4O;1140;189;40
e1_4O;1200;149;40
e1_4O;1260;113;40
e1_4O;1320;76;40
e1_4O;1380;48;40
27634;0;98;40
27634;60;51;40
27634;120;23;40
27634;180;28;40
27634;240;48;40
27634;300;146;40
27634;360;212;40
27634;420;420;40
27634;480;588;40
27634;540;593;40
27634;600;509;40
27634;660;499;40
27634;720;607;40
27634;780;542;40
27634;840;567;40
27634;900;755;40
27634;960;733;40
27634;1020;696;40
27634;1080;554;40
27634;1140;421;40
27634;1200;333;40
27634;1260;294;40
27634;1320;217;40
27634;1380;154;40
226691I;0;5;40
226691I;60;3;40
226691I;120;2;40
226691I;180;2;40
226691I;240;2;40
226691I;300;4;40
226691I;360;12;40
226691I;420;21;40
226691I;480;32;40
226691I;540;35;40
226691I;600;36;40
226691I;660;39;40
226691I;720;43;40
226691I;780;46;40
226691I;840;45;40
226691I;900;48;40
226691I;960;54;40
226691I;1020;54;40
226691I;1080;49;40
226691I;1140;36;40
226691I;1200;27;40
226691I;1260;20;40
226691I;1320;14;40
226691I;1380;9;40
226691O;0;6;40
226691O;60;3;40
226691O;120;2;40
226691O;180;3;40
226691O;240;2;40
226691O;300;5;40
226691O;360;12;40
226691O;420;23;40
226691O;480;34;40
226691O;540;33;40
226691O;600;33;40
226691O;660;36;40
226691O;720;41;40
226691O;780;44;40
226691O;840;43;40
226691O;900;47;40
226691O;960;52;40
226691O;1020;54;40
226691O;1080;49;40
226691O;1140;38;40
226691O;1200;30;40
226691O;1260;22;40
226691O;1320;15;40
226691O;1380;10;40
339189I;0;8;40
339189I;60;4;40
339189I;120;3;40
339189I;180;3;40
339189I;240;3;40
339189I;300;6;40
339189I;360;17;40
339189I;420;29;40
339189I;480;44;40
339189I;540;48;40
339189I;600;50;40
339189I;660;54;40
339189I;720;60;40
339189I;780;64;40
339189I;840;62;40
339189I;900;67;40
339189I;960;75;40
339189I;1020;75;40
339189I;1080;68;40
339189I;1140;50;40
339189I;1200;38;40
339189I;1260;28;40
339189I;1320;19;40
339189I;1380;13;40
339189O;0;8;40
339189O;60;4;40
339189O;120;3;40
339189O;180;4;40
339189O;240;3;40
339189O;300;7;40
339189O;360;17;40
339189O;420;33;40
339189O;480;48;40
339189O;540;46;40
339189O;600;46;40
339189O;660;50;40
339189O;720;57;40
339189O;780;61;40
339189O;840;60;40
339189O;900;66;40
339189O;960;72;40
339189O;1020;75;40
339189O;1080;68;40
339189O;1140;52;40
339189O;1200;41;40
339189O;1260;31;40
339189O;1320;21;40
339189O;1380;13;40
298667I;0;7;40
298667I;60;3;40
298667I;120;2;40
298667I;180;2;40
298667I;240;3;40
298667I;300;5;40
298667I;360;14;40
298667I;420;25;40
298667I;480;39;40
298667I;540;42;40
298667I;600;43;40
298667I;660;47;40
298667I;720;52;40
298667I;780;56;40
298667I;840;54;40
298667I;900;58;40
298667I;960;65;40
298667I;1020;65;40
298667I;1080;59;40
298667I;1140;43;40
298667I;1200;33;40
298667I;1260;25;40
298667I;1320;16;40
298667I;1380;11;40
298667O;0;7;40
298667O;60;4;40
298667O;120;2;40
298667O;180;3;40
298667O;240;3;40
298667O;300;6;40
298667O;360;15;40
298667O;420;28;40
298667O;480;41;40
298667O;540;40;40
298667O;600;40;40
298667O;660;44;40
298667O;720;50;40
298667O;780;53;40
298667O;840;52;40
298667O;900;57;40
298667O;960;63;40
298667O;1020;65;40
298667O;1080;59;40
298667O;1140;45;40
298667O;1200;36;40
298667O;1260;27;40
298667O;1320;18;40
298667O;1380;12;40
313950MI;0;30;40
313950MI;60;16;40
313950MI;120;10;40
313950MI;180;10;40
313950MI;240;12;40
313950MI;300;22;40
313950MI;360;66;40
313950MI;420;116;40
313950MI;480;176;40
313950MI;540;192;40
313950MI;600;198;40
313950MI;660;216;40
313950MI;720;239;40
313950MI;780;255;40
313950MI;840;247;40
313950MI;900;267;40
313950MI;960;299;40
313950MI;1020;296;40
313950MI;1080;268;40
313950MI;1140;197;40
313950MI;1200;149;40
313950MI;1260;113;40
313950MI;1320;75;40
313950MI;1380;50;40
313950MO;0;33;40
313950MO;60;17;40
313950MO;120;11;40
313950MO;180;15;40
313950MO;240;14;40
313950MO;300;29;40
313950MO;360;66;40
313950MO;420;129;40
313950MO;480;189;40
313950MO;540;184;40
313950MO;600;184;40
313950MO;660;199;40
313950MO;720;226;40
313950MO;780;242;40
313950MO;840;239;40
313950MO;900;260;40
313950MO;960;286;40
313950MO;1020;296;40
313950MO;1080;270;40
313950MO;1140;207;40
313950MO;1200;163;40
313950MO;1260;124;40
313950MO;1320;83;40
313950MO;1380;53;40
27442I;0;28;40
27442I;60;11;40
27442I;120;1;40
27442I;180;4;40
27442I;240;9;40
27442I;300;61;40
27442I;360;240;40
27442I;420;378;40
27442I;480;295;40
27442I;540;188;40
27442I;600;182;40
27442I;660;186;40
27442I;720;201;40
27442I;780;211;40
27442I;840;258;40
27442I;900;321;40
27442I;960;342;40
27442I;1020;346;40
27442I;1080;275;40
27442I;1140;191;40
27442I;1200;118;40
27442I;1260;106;40
27442I;1320;43;40
27442I;1380;27;40
27442O;0;32;40
27442O;60;12;40
27442O;120;1;40
27442O;180;6;40
27442O;240;11;40
27442O;300;81;40
27442O;360;243;40
27442O;420;420;40
27442O;480;318;40
27442O;540;181;40
27442O;600;168;40
27442O;660;171;40
27442O;720;190;40
27442O;780;200;40
27442O;840;250;40
27442O;900;313;40
27442O;960;328;40
27442O;1020;346;40
27442O;1080;276;40
27442O;1140;200;40
27442O;1200;128;40
27442O;1260;116;40
27442O;1320;48;40
27442O;1380;29;40
e1_10I;0;20;40
e1_10I;60;11;40
e1_10I;120;7;40
e1_10I;180;7;40
e1_10I;240;8;40
e1_10I;300;15;40
e1_10I;360;44;40
e1_10I;420;78;40
e1_10I;480;118;40
e1_10I;540;128;40
e1_10I;600;133;40
e1_10I;660;145;40
e1_10I;720;160;40
e1_10I;780;171;40
e1_10I;840;165;40
e1_10I;900;179;40
e1_10I;960;200;40
e1_10I;1020;199;40
e1_10I;1080;180;40
e1_10I;1140;132;40
e1_10I;1200;100;40
e1_10I;1260;75;40
e1_10I;1320;50;40
e1_10I;1380;33;40
e1_10O;0;22;40
e1_10O;60;11;40
e1_10O;120;7;40
e1_10O;180;10;40
e1_10O;240;9;40
e1_10O;300;20;40
e1_10O;360;45;40
e1_10O;420;86;40
e1_10O;480;127;40
e1_10O;540;123;40
e1_10O;600;123;40
e1_10O;660;134;40
e1_10O;720;152;40
e1_10O;780;162;40
e1_10O;840;160;40
e1_10O;900;174;40
e1_10O;960;192;40
e1_10O;1020;199;40
e1_10O;1080;181;40
e1_10O;1140;139;40
e1_10O;1200;109;40
e1_10O;1260;83;40
e1_10O;1320;56;40
e1_10O;1380;35;40
e1_8I;0;20;40
e1_8I;60;11;40
e1_8I;120;7;40
e1_8I;180;7;40
e1_8I;240;8;40
e1_8I;300;15;40
e1_8I;360;44;40
e1_8I;420;78;40
e1_8I;480;118;40
e1_8I;540;128;40
e1_8I;600;133;40
e1_8I;660;145;40
e1_8I;720;160;40
e1_8I;780;171;40
e1_8I;840;165;40
e1_8I;900;179;40
e1_8I;960;200;40
e1_8I;1020;199;40
e1_8I;1080;180;40
e1_8I;1140;132;40
e1_8I;1200;100;40
e1_8I;1260;75;40
e1_8I;1320;50;40
e1_8I;1380;33;40
e1_8O;0;22;40
e1_8O;60;11;40
e1_8O;120;7;40
e1_8O;180;10;40
e1_8O;240;9;40
e1_8O;300;20;40
e1_8O;360;45;40
e1_8O;420;86;40
e1_8O;480;127;40
e1_8O;540;123;40
e1_8O;600;123;40
e1_8O;660;134;40
e1_8O;720;152;40
e1_8O;780;162;40
e1_8O;840;160;40
e1_8O;900;174;40
e1_8O;960;192;40
e1_8O;1020;199;40
e1_8O;1080;181;40
e1_8O;1140;139;40
e1_8O;1200;109;40
e1_8O;1260;83;40
e1_8O;1320;56;40
e1_8O;1380;35;40
343115I;0;8;40
343115I;60;4;40
343115I;120;3;40
343115I;180;3;40
343115I;240;3;40
343115I;300;6;40
343115I;360;17;40
343115I;420;30;40
343115I;480;46;40
343115I;540;50;40
343115I;600;51;40
343115I;660;56;40
343115I;720;62;40
343115I;780;66;40
343115I;840;64;40
343115I;900;69;40
343115I;960;78;40
343115I;1020;77;40
343115I;1080;70;40
343115I;1140;51;40
343115I;1200;39;40
343115I;1260;29;40
343115I;1320;20;40
343115I;1380;13;40
343115O;0;9;40
343115O;60;4;40
343115O;120;3;40
343115O;180;4;40
343115O;240;4;40
343115O;300;8;40
343115O;360;17;40
343115O;420;33;40
343115O;480;49;40
343115O;540;48;40
343115O;600;48;40
343115O;660;52;40
343115O;720;59;40
343115O;780;63;40
343115O;840;62;40
343115O;900;67;40
343115O;960;74;40
343115O;1020;77;40
343115O;1080;70;40
343115O;1140;54;40
343115O;1200;42;40
343115O;1260;32;40
343115O;1320;22;40
343115O;1380;14;40
384798;0;10;40
384798;60;5;40
384798;120;4;40
384798;180;4;40
384798;240;4;40
384798;300;7;40
384798;360;20;40
384798;420;38;40
384798;480;56;40
384798;540;57;40
384798;600;58;40
384798;660;63;40
384798;720;70;40
384798;780;76;40
384798;840;74;40
384798;900;80;40
384798;960;89;40
384798;1020;90;40
384798;1080;82;40
384798;1140;61;40
384798;1200;48;40
384798;1260;36;40
384798;1320;24;40
384798;1380;16;40
e1_3I;0;15;40
e1_3I;60;8;40
e1_3I;120;5;40
e1_3I;180;5;40
e1_3I;240;6;40
e1_3I;300;12;40
e1_3I;360;32;40
e1_3I;420;59;40
e1_3I;480;87;40
e1_3I;540;90;40
e1_3I;600;92;40
e1_3I;660;100;40
e1_3I;720;111;40
e1_3I;780;119;40
e1_3I;840;116;40
e1_3I;900;126;40
e1_3I;960;141;40
e1_3I;1020;142;40
e1_3I;1080;129;40
e1_3I;1140;97;40
e1_3I;1200;75;40
e1_3I;1260;57;40
e1_3I;1320;38;40
e1_3I;1380;25;40
27456;0;21;40
27456;60;13;40
27456;120;9;40
27456;180;13;40
27456;240;21;40
27456;300;60;40
27456;360;135;40
27456;420;169;40
27456;480;151;40
27456;540;153;40
27456;600;172;40
27456;660;176;40
27456;720;212;40
27456;780;210;40
27456;840;201;40
27456;900;222;40
27456;960;284;40
27456;1020;267;40
27456;1080;186;40
27456;1140;174;40
27456;1200;153;40
27456;1260;101;40
27456;1320;76;40
27456;1380;41;40
e1_12I;0;22;40
e1_12I;60;12;40
e1_12I;120;8;40
e1_12I;180;8;40
e1_12I;240;9;40
e1_12I;300;17;40
e1_12I;360;49;40
e1_12I;420;86;40
e1_12I;480;131;40
e1_12I;540;143;40
e1_12I;600;148;40
e1_12I;660;161;40
e1_12I;720;178;40
e1_12I;780;190;40
e1_12I;840;184;40
e1_12I;900;199;40
e1_12I;960;222;40
e1_12I;1020;221;40
e1_12I;1080;200;40
e1_12I;1140;147;40
e1_12I;1200;111;40
e1_12I;1260;84;40
e1_12I;1320;56;40
e1_12I;1380;37;40
e1_12O;0;25;40
e1_12O;60;12;40
e1_12O;120;8;40
e1_12O;180;11;40
e1_12O;240;10;40
e1_12O;300;22;40
e1_12O;360;50;40
e1_12O;420;96;40
e1_12O;480;141;40
e1_12O;540;137;40
e1_12O;600;137;40
e1_12O;660;149;40
e1_12O;720;169;40
e1_12O;780;181;40
e1_12O;840;178;40
e1_12O;900;194;40
e1_12O;960;213;40
e1_12O;1020;221;40
e1_12O;1080;201;40
e1_12O;1140;154;40
e1_12O;1200;121;40
e1_12O;1260;92;40
e1_12O;1320;62;40
e1_12O;1380;39;40
255368I;0;12;40
255368I;60;7;40
255368I;120;4;40
255368I;180;4;40
255368I;240;5;40
255368I;300;9;40
255368I;360;27;40
255368I;420;48;40
255368I;480;73;40
255368I;540;80;40
255368I;600;83;40
255368I;660;90;40
255368I;720;100;40
255368I;780;106;40
255368I;840;103;40
255368I;900;111;40
255368I;960;124;40
255368I;1020;124;40
255368I;1080;112;40
255368I;1140;82;40
255368I;1200;62;40
255368I;1260;47;40
255368I;1320;31;40
255368I;1380;21;40
255368O;0;14;40
255368O;60;7;40
255368O;120;5;40
255368O;180;6;40
255368O;240;6;40
255368O;300;12;40
255368O;360;28;40
255368O;420;54;40
255368O;480;79;40
255368O;540;77;40
255368O;600;77;40
255368O;660;83;40
255368O;720;94;40
255368O;780;101;40
255368O;840;100;40
255368O;900;108;40
255368O;960;119;40
255368O;1020;124;40
255368O;1080;112;40
255368O;1140;86;40
255368O;1200;68;40
255368O;1260;52;40
255368O;1320;35;40
255368O;1380;22;40
269038;0;34;40
269038;60;18;40
269038;120;12;40
269038;180;14;40
269038;240;13;40
269038;300;28;40
269038;360;73;40
269038;420;135;40
269038;480;201;40
269038;540;208;40
269038;600;211;40
269038;660;229;40
269038;720;257;40
269038;780;275;40
269038;840;268;40
269038;900;290;40
269038;960;323;40
269038;1020;328;40
269038;1080;297;40
269038;1140;223;40
269038;1200;172;40
269038;1260;130;40
269038;1320;88;40
269038;1380;57;40
e1_14O;0;17;40
e1_14O;60;8;40
e1_14O;120;6;40
e1_14O;180;7;40
e1_14O;240;7;40
e1_14O;300;14;40
e1_14O;360;36;40
e1_14O;420;66;40
e1_14O;480;99;40
e1_14O;540;102;40
e1_14O;600;103;40
e1_14O;660;112;40
e1_14O;720;125;40
e1_14O;780;134;40
e1_14O;840;132;40
e1_14O;900;142;40
e1_14O;960;158;40
e1_14O;1020;160;40
e1_14O;1080;145;40
e1_14O;1140;109;40
e1_14O;1200;84;40
e1_14O;1260;63;40
e1_14O;1320;42;40
e1_14O;1380;27;40
276410;0;17;40
276410;60;10;40
276410;120;6;40
276410;180;7;40
276410;240;7;40
276410;300;14;40
276410;360;38;40
276410;420;70;40
276410;480;104;40
276410;540;108;40
276410;600;110;40
276410;660;119;40
276410;720;133;40
276410;780;142;40
276410;840;139;40
276410;900;150;40
276410;960;167;40
276410;1020;170;40
276410;1080;154;40
276410;1140;115;40
276410;1200;90;40
276410;1260;67;40
276410;1320;45;40
276410;1380;29;40
e1_15O;0;27;40
e1_15O;60;14;40
e1_15O;120;9;40
e1_15O;180;10;40
e1_15O;240;11;40
e1_15O;300;23;40
e1_15O;360;57;40
e1_15O;420;106;40
e1_15O;480;158;40
e1_15O;540;163;40
e1_15O;600;166;40
e1_15O;660;179;40
e1_15O;720;201;40
e1_15O;780;215;40
e1_15O;840;210;40
e1_15O;900;227;40
e1_15O;960;253;40
e1_15O;1020;256;40
e1_15O;1080;233;40
e1_15O;1140;175;40
e1_15O;1200;135;40
e1_15O;1260;103;40
e1_15O;1320;69;40
e1_15O;1380;45;40
320842I;0;18;40
320842I;60;10;40
320842I;120;6;40
320842I;180;6;40
320842I;240;7;40
320842I;300;14;40
320842I;360;40;40
320842I;420;71;40
320842I;480;108;40
320842I;540;118;40
320842I;600;122;40
320842I;660;133;40
320842I;720;147;40
320842I;780;157;40
320842I;840;152;40
320842I;900;164;40
320842I;960;184;40
320842I;1020;182;40
320842I;1080;165;40
320842I;1140;121;40
320842I;1200;92;40
320842I;1260;69;40
320842I;1320;46;40
320842I;1380;31;40
320842O;0;20;40
320842O;60;10;40
320842O;120;7;40
320842O;180;9;40
320842O;240;8;40
320842O;300;18;40
320842O;360;41;40
320842O;420;79;40
320842O;480;116;40
320842O;540;113;40
320842O;600;113;40
320842O;660;123;40
320842O;720;139;40
320842O;780;149;40
320842O;840;147;40
320842O;900;160;40
320842O;960;176;40
320842O;1020;182;40
320842O;1080;166;40
320842O;1140;127;40
320842O;1200;100;40
320842O;1260;76;40
320842O;1320;51;40
320842O;1380;32;40
e1_16I;0;12;40
e1_16I;60;7;40
e1_16I;120;4;40
e1_16I;180;4;40
e1_16I;240;5;40
e1_16I;300;9;40
e1_16I;360;27;40
e1_16I;420;48;40
e1_16I;480;72;40
e1_16I;540;79;40
e1_16I;600;81;40
e1_16I;660;89;40
e1_16I;720;98;40
e1_16I;780;105;40
e1_16I;840;101;40
e1_16I;900;110;40
e1_16I;960;123;40
e1_16I;1020;122;40
e1_16I;1080;110;40
e1_16I;1140;81;40
e1_16I;1200;61;40
e1_16I;1260;46;40
e1_16I;1320;31;40
e1_16I;1380;21;40
e1_16O;0;14;40
e1_16O;60;7;40
e1_16O;120;4;40
e1_16O;180;6;40
e1_16O;240;6;40
e1_16O;300;12;40
e1_16O;360;27;40
e1_16O;420;53;40
e1_16O;480;78;40
e1_16O;540;76;40
e1_16O;600;76;40
e1_16O;660;82;40
e1_16O;720;93;40
e1_16O;780;100;40
e1_16O;840;98;40
e1_16O;900;107;40
e1_16O;960;118;40
e1_16O;1020;122;40
e1_16O;1080;111;40
e1_16O;1140;85;40
e1_16O;1200;67;40
e1_16O;1260;51;40
e1_16O;1320;34;40
e1_16O;1380;22;40
e1_2I;0;48;40
e1_2I;60;26;40
e1_2I;120;17;40
e1_2I;180;16;40
e1_2I;240;19;40
e1_2I;300;36;40
e1_2I;360;107;40
e1_2I;420;188;40
e1_2I;480;285;40
e1_2I;540;311;40
e1_2I;600;321;40
e1_2I;660;350;40
e1_2I;720;387;40
e1_2I;780;413;40
e1_2I;840;400;40
e1_2I;900;432;40
e1_2I;960;484;40
e1_2I;1020;480;40
e1_2I;1080;435;40
e1_2I;1140;319;40
e1_2I;1200;242;40
e1_2I;1260;182;40
e1_2I;1320;122;40
e1_2I;1380;81;40
e1_2O;0;53;40
e1_2O;60;27;40
e1_2O;120;18;40
e1_2O;180;24;40
e1_2O;240;22;40
e1_2O;300;47;40
e1_2O;360;108;40
e1_2O;420;209;40
e1_2O;480;307;40
e1_2O;540;299;40
e1_2O;600;298;40
e1_2O;660;323;40
e1_2O;720;367;40
e1_2O;780;393;40
e1_2O;840;388;40
e1_2O;900;421;40
e1_2O;960;464;40
e1_2O;1020;480;40
e1_2O;1080;437;40
e1_2O;1140;336;40
e1_2O;1200;264;40
e1_2O;1260;201;40
e1_2O;1320;135;40
e1_2O;1380;86;40
e1_20I;0;44;40
e1_20I;60;23;40
e1_20I;120;15;40
e1_20I;180;15;40
e1_20I;240;17;40
e1_20I;300;33;40
e1_20I;360;98;40
e1_20I;420;172;40
e1_20I;480;261;40
e1_20I;540;284;40
e1_20I;600;294;40
e1_20I;660;320;40
e1_20I;720;354;40
e1_20I;780;378;40
e1_20I;840;366;40
e1_20I;900;395;40
e1_20I;960;443;40
e1_20I;1020;439;40
e1_20I;1080;398;40
e1_20I;1140;292;40
e1_20I;1200;222;40
e1_20I;1260;167;40
e1_20I;1320;112;40
e1_20I;1380;74;40
e1_20O;0;49;40
e1_20O;60;25;40
e1_20O;120;16;40
e1_20O;180;22;40
e1_20O;240;20;40
e1_20O;300;43;40
e1_20O;360;99;40
e1_20O;420;191;40
e1_20O;480;280;40
e1_20O;540;273;40
e1_20O;600;273;40
e1_20O;660;296;40
e1_20O;720;336;40
e1_20O;780;360;40
e1_20O;840;355;40
e1_20O;900;385;40
e1_20O;960;424;40
e1_20O;1020;439;40
e1_20O;1080;400;40
e1_20O;1140;307;40
e1_20O;1200;242;40
e1_20O;1260;184;40
e1_20O;1320;123;40
e1_20O;1380;78;40
27843MI;0;36;40
27843MI;60;13;40
27843MI;120;13;40
27843MI;180;18;40
27843MI;240;30;40
27843MI;300;100;40
27843MI;360;193;40
27843MI;420;229;40
27843MI;480;213;40
27843MI;540;202;40
27843MI;600;196;40
27843MI;660;174;40
27843MI;720;196;40
27843MI;780;195;40
27843MI;840;193;40
27843MI;900;168;40
27843MI;960;180;40
27843MI;1020;179;40
27843MI;1080;166;40
27843MI;1140;178;40
27843MI;1200;149;40
27843MI;1260;134;40
27843MI;1320;118;40
27843MI;1380;83;40
27843MO;0;40;40
27843MO;60;14;40
27843MO;120;13;40
27843MO;180;26;40
27843MO;240;34;40
27843MO;300;132;40
27843MO;360;195;40
27843MO;420;254;40
27843MO;480;229;40
27843MO;540;194;40
27843MO;600;182;40
27843MO;660;160;40
27843MO;720;185;40
27843MO;780;185;40
27843MO;840;187;40
27843MO;900;163;40
27843MO;960;172;40
27843MO;1020;179;40
27843MO;1080;166;40
27843MO;1140;188;40
27843MO;1200;163;40
27843MO;1260;147;40
27843MO;1320;131;40
27843MO;1380;87;40
270733;0;10;40
270733;60;6;40
270733;120;4;40
270733;180;4;40
270733;240;4;40
270733;300;9;40
270733;360;22;40
270733;420;40;40
270733;480;58;40
270733;540;61;40
270733;600;62;40
270733;660;67;40
270733;720;74;40
270733;780;80;40
270733;840;78;40
270733;900;85;40
270733;960;94;40
270733;1020;96;40
270733;1080;86;40
270733;1140;65;40
270733;1200;50;40
270733;1260;38;40
270733;1320;25;40
270733;1380;16;40
294101I;0;3;40
294101I;60;2;40
294101I;120;1;40
294101I;180;1;40
294101I;240;1;40
294101I;300;2;40
294101I;360;7;40
294101I;420;12;40
294101I;480;18;40
294101I;540;20;40
294101I;600;21;40
294101I;660;23;40
294101I;720;25;40
294101I;780;27;40
294101I;840;26;40
294101I;900;28;40
294101I;960;31;40
294101I;1020;31;40
294101I;1080;28;40
294101I;1140;21;40
294101I;1200;16;40
294101I;1260;12;40
294101I;1320;8;40
294101I;1380;5;40
294101O;0;3;40
294101O;60;2;40
294101O;120;1;40
294101O;180;2;40
294101O;240;1;40
294101O;300;3;40
294101O;360;7;40
294101O;420;13;40
294101O;480;20;40
294101O;540;19;40
294101O;600;19;40
294101O;660;21;40
294101O;720;24;40
294101O;780;25;40
294101O;840;25;40
294101O;900;27;40
294101O;960;30;40
294101O;1020;31;40
294101O;1080;28;40
294101O;1140;22;40
294101O;1200;17;40
294101O;1260;13;40
294101O;1320;9;40
294101O;1380;6;40
e1_22I;0;24;40
e1_22I;60;13;40
e1_22I;120;8;40
e1_22I;180;8;40
e1_22I;240;10;40
e1_22I;300;18;40
e1_22I;360;54;40
e1_22I;420;95;40
e1_22I;480;144;40
e1_22I;540;157;40
e1_22I;600;162;40
e1_22I;660;177;40
e1_22I;720;196;40
e1_22I;780;209;40
e1_22I;840;202;40
e1_22I;900;219;40
e1_22I;960;245;40
e1_22I;1020;243;40
e1_22I;1080;220;40
e1_22I;1140;161;40
e1_22I;1200;122;40
e1_22I;1260;92;40
e1_22I;1320;62;40
e1_22I;1380;41;40
e1_22O;0;27;40
e1_22O;60;14;40
e1_22O;120;9;40
e1_22O;180;12;40
e1_22O;240;11;40
e1_22O;300;24;40
e1_22O;360;54;40
e1_22O;420;106;40
e1_22O;480;155;40
e1_22O;540;151;40
e1_22O;600;151;40
e1_22O;660;163;40
e1_22O;720;186;40
e1_22O;780;199;40
e1_22O;840;196;40
e1_22O;900;213;40
e1_22O;960;235;40
e1_22O;1020;243;40
e1_22O;1080;221;40
e1_22O;1140;170;40
e1_22O;1200;134;40
e1_22O;1260;102;40
e1_22O;1320;68;40
e1_22O;1380;43;40
27633MI;0;87;40
27633MI;60;36;40
27633MI;120;21;40
27633MI;180;10;40
27633MI;240;7;40
27633MI;300;19;40
27633MI;360;55;40
27633MI;420;136;40
27633MI;480;231;40
27633MI;540;253;40
27633MI;600;264;40
27633MI;660;305;40
27633MI;720;367;40
27633MI;780;398;40
27633MI;840;429;40
27633MI;900;420;40
27633MI;960;465;40
27633MI;1020;401;40
27633MI;1080;412;40
27633MI;1140;357;40
27633MI;1200;279;40
27633MI;1260;202;40
27633MI;1320;173;40
27633MI;1380;124;40
27633MO;0;96;40
27633MO;60;37;40
27633MO;120;23;40
27633MO;180;15;40
27633MO;240;9;40
27633MO;300;24;40
27633MO;360;56;40
27633MO;420;152;40
27633MO;480;248;40
27633MO;540;243;40
27633MO;600;244;40
27633MO;660;281;40
27633MO;720;348;40
27633MO;780;379;40
27633MO;840;415;40
27633MO;900;408;40
27633MO;960;446;40
27633MO;1020;401;40
27633MO;1080;414;40
27633MO;1140;376;40
27633MO;1200;305;40
27633MO;1260;223;40
27633MO;1320;192;40
27633MO;1380;132;40
e1_24I;0;25;40
e1_24I;60;13;40
e1_24I;120;9;40
e1_24I;180;9;40
e1_24I;240;10;40
e1_24I;300;19;40
e1_24I;360;56;40
e1_24I;420;98;40
e1_24I;480;149;40
e1_24I;540;162;40
e1_24I;600;167;40
e1_24I;660;182;40
e1_24I;720;202;40
e1_24I;780;215;40
e1_24I;840;209;40
e1_24I;900;225;40
e1_24I;960;252;40
e1_24I;1020;250;40
e1_24I;1080;226;40
e1_24I;1140;166;40
e1_24I;1200;126;40
e1_24I;1260;95;40
e1_24I;1320;64;40
e1_24I;1380;42;40
e1_24O;0;28;40
e1_24O;60;14;40
e1_24O;120;9;40
e1_24O;180;12;40
e1_24O;240;11;40
e1_24O;300;25;40
e1_24O;360;56;40
e1_24O;420;109;40
e1_24O;480;160;40
e1_24O;540;156;40
e1_24O;600;155;40
e1_24O;660;168;40
e1_24O;720;191;40
e1_24O;780;205;40
e1_24O;840;202;40
e1_24O;900;219;40
e1_24O;960;242;40
e1_24O;1020;250;40
e1_24O;1080;228;40
e1_24O;1140;175;40
e1_24O;1200;138;40
e1_24O;1260;105;40
e1_24O;1320;70;40
e1_24O;1380;45;40
27626I;0;57;40
27626I;60;28;40
27626I;120;28;40
27626I;180;24;40
27626I;240;26;40
27626I;300;93;40
27626I;360;227;40
27626I;420;356;40
27626I;480;390;40
27626I;540;343;40
27626I;600;331;40
27626I;660;333;40
27626I;720;335;40
27626I;780;307;40
27626I;840;366;40
27626I;900;449;40
27626I;960;435;40
27626I;1020;410;40
27626I;1080;351;40
27626I;1140;252;40
27626I;1200;223;40
27626I;1260;187;40
27626I;1320;145;40
27626I;1380;113;40
27626O;0;49;40
27626O;60;22;40
27626O;120;12;40
27626O;180;23;40
27626O;240;23;40
27626O;300;60;40
27626O;360;131;40
27626O;420;192;40
27626O;480;179;40
27626O;540;140;40
27626O;600;198;40
27626O;660;169;40
27626O;720;240;40
27626O;780;259;40
27626O;840;365;40
27626O;900;387;40
27626O;960;371;40
27626O;1020;325;40
27626O;1080;255;40
27626O;1140;251;40
27626O;1200;321;40
27626O;1260;256;40
27626O;1320;157;40
27626O;1380;111;40
e1_1I;0;0;40
e1_1I;60;0;40
e1_1I;120;0;40
e1_1I;180;0;40
e1_1I;240;0;40
e1_1I;300;0;40
e1_1I;360;0;40
e1_1I;420;0;40
e1_1I;480;0;40
e1_1I;540;0;40
e1_1I;600;0;40
e1_1I;660;0;40
e1_1I;720;0;40
e1_1I;780;0;40
e1_1I;840;0;40
e1_1I;900;0;40
e1_1I;960;0;40
e1_1I;1020;0;40
e1_1I;1080;0;40
e1_1I;1140;0;40
e1_1I;1200;0;40
e1_1I;1260;0;40
e1_1I;1320;0;40
e1_1I;1380;0;40
e1_1O;0;0;40
e1_1O;60;0;40
e1_1O;120;0;40
e1_1O;180;0;40
e1_1O;240;0;40
e1_1O;300;0;40
e1_1O;360;0;40
e1_1O;420;0;40
e1_1O;480;0;40
e1_1O;540;0;40
e1_1O;600;0;40
e1_1O;660;0;40
e1_1O;720;0;40
e1_1O;780;0;40
e1_1O;840;0;40
e1_1O;900;0;40
e1_1O;960;0;40
e1_1O;1020;0;40
e1_1O;1080;0;40
e1_1O;1140;0;40
e1_1O;1200;0;40
e1_1O;1260;0;40
e1_1O;1320;0;40
e1_1O;1380;0;40
e1_5I;0;0;40
e1_5I;60;0;40
e1_5I;120;0;40
e1_5I;180;0;40
e1_5I;240;0;40
e1_5I;300;0;40
e1_5I;360;0;40
e1_5I;420;0;40
e1_5I;480;0;40
e1_5I;540;0;40
e1_5I;600;0;40
e1_5I;660;0;40
e1_5I;720;0;40
e1_5I;780;0;40
e1_5I;840;0;40
e1_5I;900;0;40
e1_5I;960;0;40
e1_5I;1020;0;40
e1_5I;1080;0;40
e1_5I;1140;0;40
e1_5I;1200;0;40
e1_5I;1260;0;40
e1_5I;1320;0;40
e1_5I;1380;0;40
260073I;0;5;40
260073I;60;3;40
260073I;120;2;40
260073I;180;2;40
260073I;240;2;40
260073I;300;4;40
260073I;360;12;40
260073I;420;21;40
260073I;480;32;40
260073I;540;35;40
260073I;600;36;40
260073I;660;39;40
260073I;720;43;40
260073I;780;46;40
260073I;840;45;40
260073I;900;48;40
260073I;960;54;40
260073I;1020;53;40
260073I;1080;48;40
260073I;1140;35;40
260073I;1200;27;40
260073I;1260;20;40
260073I;1320;14;40
260073I;1380;9;40
260073O;0;6;40
260073O;60;3;40
260073O;120;2;40
260073O;180;3;40
260073O;240;2;40
260073O;300;5;40
260073O;360;12;40
260073O;420;23;40
260073O;480;34;40
260073O;540;33;40
260073O;600;33;40
260073O;660;36;40
260073O;720;41;40
260073O;780;44;40
260073O;840;43;40
260073O;900;47;40
260073O;960;52;40
260073O;1020;53;40
260073O;1080;49;40
260073O;1140;37;40
260073O;1200;29;40
260073O;1260;22;40
260073O;1320;15;40
260073O;1380;10;40
e1_0O;0;0;40
e1_0O;60;0;40
e1_0O;120;0;40
e1_0O;180;0;40
e1_0O;240;0;40
e1_0O;300;0;40
e1_0O;360;0;40
e1_0O;420;0;40
e1_0O;480;0;40
e1_0O;540;0;40
e1_0O;600;0;40
e1_0O;660;0;40
e1_0O;720;0;40
e1_0O;780;0;40
e1_0O;840;0;40
e1_0O;900;0;40
e1_0O;960;0;40
e1_0O;1020;0;40
e1_0O;1080;0;40
e1_0O;1140;0;40
e1_0O;1200;0;40
e1_0O;1260;0;40
e1_0O;1320;0;40
e1_0O;1380;0;40
373944MI;0;14;40
373944MI;60;7;40
373944MI;120;5;40
373944MI;180;5;40
373944MI;240;5;40
373944MI;300;10;40
373944MI;360;30;40
373944MI;420;53;40
373944MI;480;80;40
373944MI;540;87;40
373944MI;600;90;40
373944MI;660;98;40
373944MI;720;109;40
373944MI;780;116;40
373944MI;840;112;40
373944MI;900;121;40
373944MI;960;136;40
373944MI;1020;135;40
373944MI;1080;122;40
373944MI;1140;90;40
373944MI;1200;68;40
373944MI;1260;51;40
373944MI;1320;34;40
373944MI;1380;23;40
373944MO;0;15;40
373944MO;60;8;40
373944MO;120;5;40
373944MO;180;7;40
373944MO;240;6;40
373944MO;300;13;40
373944MO;360;30;40
373944MO;420;59;40
373944MO;480;86;40
373944MO;540;84;40
373944MO;600;84;40
373944MO;660;91;40
373944MO;720;103;40
373944MO;780;110;40
373944MO;840;109;40
373944MO;900;118;40
373944MO;960;130;40
373944MO;1020;135;40
373944MO;1080;123;40
373944MO;1140;94;40
373944MO;1200;74;40
373944MO;1260;56;40
373944MO;1320;38;40
373944MO;1380;24;40
280214I;0;2;40
280214I;60;1;40
280214I;120;1;40
280214I;180;1;40
280214I;240;1;40
280214I;300;2;40
280214I;360;5;40
280214I;420;9;40
280214I;480;14;40
280214I;540;15;40
280214I;600;15;40
280214I;660;17;40
280214I;720;18;40
280214I;780;20;40
280214I;840;19;40
280214I;900;21;40
280214I;960;23;40
280214I;1020;23;40
280214I;1080;21;40
280214I;1140;15;40
280214I;1200;12;40
280214I;1260;9;40
280214I;1320;6;40
280214I;1380;4;40
280214O;0;3;40
280214O;60;1;40
280214O;120;1;40
280214O;180;1;40
280214O;240;1;40
280214O;300;2;40
280214O;360;5;40
280214O;420;10;40
280214O;480;15;40
280214O;540;14;40
280214O;600;14;40
280214O;660;15;40
280214O;720;17;40
280214O;780;19;40
280214O;840;18;40
280214O;900;20;40
280214O;960;22;40
280214O;1020;23;40
280214O;1080;21;40
280214O;1140;16;40
280214O;1200;13;40
280214O;1260;10;40
280214O;1320;6;40
280214O;1380;4;40
e1_13I;0;5;40
e1_13I;60;2;40
e1_13I;120;2;40
e1_13I;180;2;40
e1_13I;240;2;40
e1_13I;300;4;40
e1_13I;360;10;40
e1_13I;420;21;40
e1_13I;480;29;40
e1_13I;540;31;40
e1_13I;600;31;40
e1_13I;660;34;40
e1_13I;720;39;40
e1_13I;780;41;40
e1_13I;840;40;40
e1_13I;900;43;40
e1_13I;960;47;40
e1_13I;1020;48;40
e1_13I;1080;44;40
e1_13I;1140;33;40
e1_13I;1200;25;40
e1_13I;1260;19;40
e1_13I;1320;13;40
e1_13I;1380;8;40
250229;0;5;40
250229;60;2;40
250229;120;2;40
250229;180;2;40
250229;240;2;40
250229;300;4;40
250229;360;10;40
250229;420;19;40
250229;480;29;40
250229;540;31;40
250229;600;31;40
250229;660;33;40
250229;720;37;40
250229;780;41;40
250229;840;39;40
250229;900;43;40
250229;960;47;40
250229;1020;48;40
250229;1080;44;40
250229;1140;33;40
250229;1200;25;40
250229;1260;19;40
250229;1320;13;40
250229;1380;8;40
e1_11I;0;6;40
e1_11I;60;3;40
e1_11I;120;2;40
e1_11I;180;2;40
e1_11I;240;2;40
e1_11I;300;5;40
e1_11I;360;12;40
e1_11I;420;23;40
e1_11I;480;35;40
e1_11I;540;35;40
e1_11I;600;36;40
e1_11I;660;39;40
e1_11I;720;44;40
e1_11I;780;47;40
e1_11I;840;46;40
e1_11I;900;50;40
e1_11I;960;55;40
e1_11I;1020;56;40
e1_11I;1080;50;40
e1_11I;1140;39;40
e1_11I;1200;29;40
e1_11I;1260;23;40
e1_11I;1320;15;40
e1_11I;1380;10;40
359206O;0;3;40
359206O;60;2;40
359206O;120;1;40
359206O;180;1;40
359206O;240;2;40
359206O;300;2;40
359206O;360;6;40
359206O;420;11;40
359206O;480;17;40
359206O;540;17;40
359206O;600;17;40
359206O;660;19;40
359206O;720;21;40
359206O;780;23;40
359206O;840;22;40
359206O;900;24;40
359206O;960;27;40
359206O;1020;28;40
359206O;1080;24;40
359206O;1140;19;40
359206O;1200;15;40
359206O;1260;11;40
359206O;1320;7;40
359206O;1380;4;40
e1_7O;0;5;40
e1_7O;60;2;40
e1_7O;120;2;40
e1_7O;180;2;40
e1_7O;240;2;40
e1_7O;300;4;40
e1_7O;360;10;40
e1_7O;420;20;40
e1_7O;480;29;40
e1_7O;540;31;40
e1_7O;600;31;40
e1_7O;660;34;40
e1_7O;720;39;40
e1_7O;780;41;40
e1_7O;840;40;40
e1_7O;900;43;40
e1_7O;960;47;40
e1_7O;1020;48;40
e1_7O;1080;44;40
e1_7O;1140;33;40
e1_7O;1200;25;40
e1_7O;1260;19;40
e1_7O;1320;13;40
e1_7O;1380;8;40
e1_9I;0;5;40
e1_9I;60;3;40
e1_9I;120;2;40
e1_9I;180;2;40
e1_9I;240;2;40
e1_9I;300;4;40
e1_9I;360;11;40
e1_9I;420;19;40
e1_9I;480;29;40
e1_9I;540;31;40
e1_9I;600;32;40
e1_9I;660;35;40
e1_9I;720;39;40
e1_9I;780;41;40
e1_9I;840;40;40
e1_9I;900;43;40
e1_9I;960;48;40
e1_9I;1020;48;40
e1_9I;1080;44;40
e1_9I;1140;32;40
e1_9I;1200;24;40
e1_9I;1260;18;40
e1_9I;1320;12;40
e1_9I;1380;8;40
e1_9O;0;5;40
e1_9O;60;3;40
e1_9O;120;2;40
e1_9O;180;2;40
e1_9O;240;2;40
e1_9O;300;5;40
e1_9O;360;11;40
e1_9O;420;21;40
e1_9O;480;31;40
e1_9O;540;30;40
e1_9O;600;30;40
e1_9O;660;32;40
e1_9O;720;37;40
e1_9O;780;39;40
e1_9O;840;39;40
e1_9O;900;42;40
e1_9O;960;46;40
e1_9O;1020;48;40
e1_9O;1080;44;40
e1_9O;1140;34;40
e1_9O;1200;26;40
e1_9O;1260;20;40
e1_9O;1320;13;40
e1_9O;1380;9;40
27414I;0;52;40
27414I;60;31;40
27414I;120;25;40
27414I;180;16;40
27414I;240;22;40
27414I;300;54;40
27414I;360;127;40
27414I;420;233;40
27414I;480;246;40
27414I;540;259;40
27414I;600;202;40
27414I;660;212;40
27414I;720;232;40
27414I;780;227;40
27414I;840;253;40
27414I;900;235;40
27414I;960;290;40
27414I;1020;273;40
27414I;1080;218;40
27414I;1140;212;40
27414I;1200;182;40
27414I;1260;154;40
27414I;1320;120;40
27414I;1380;79;40
27414O;0;25;40
27414O;60;19;40
27414O;120;12;40
27414O;180;13;40
27414O;240;3;40
27414O;300;14;40
27414O;360;49;40
27414O;420;77;40
27414O;480;135;40
27414O;540;114;40
27414O;600;106;40
27414O;660;101;40
27414O;720;105;40
27414O;780;100;40
27414O;840;101;40
27414O;900;103;40
27414O;960;113;40
27414O;1020;135;40
27414O;1080;115;40
27414O;1140;80;40
27414O;1200;72;40
27414O;1260;45;40
27414O;1320;43;40
27414O;1380;29;40
_e1_27O;0;251;40
_e1_27O;60;152;40
_e1_27O;120;91;40
_e1_27O;180;76;40
_e1_27O;240;103;40
_e1_27O;300;416;40
_e1_27O;360;1282;40
_e1_27O;420;2062;40
_e1_27O;480;2073;40
_e1_27O;540;1673;40
_e1_27O;600;1604;40
_e1_27O;660;1286;40
_e1_27O;720;1308;40
_e1_27O;780;1218;40
_e1_27O;840;1392;40
_e1_27O;900;1335;40
_e1_27O;960;1425;40
_e1_27O;1020;1650;40
_e1_27O;1080;1477;40
_e1_27O;1140;976;40
_e1_27O;1200;868;40
_e1_27O;1260;765;40
_e1_27O;1320;660;40
_e1_27O;1380;426;40
19400;0;251;40
19400;60;152;40
19400;120;91;40
19400;180;76;40
19400;240;103;40
19400;300;416;40
19400;360;1282;40
19400;420;2062;40
19400;480;2073;40
19400;540;1673;40
19400;600;1604;40
19400;660;1286;40
19400;720;1308;40
19400;780;1218;40
19400;840;1392;40
19400;900;1335;40
19400;960;1425;40
19400;1020;1650;40
19400;1080;1477;40
19400;1140;976;40
19400;1200;868;40
19400;1260;765;40
19400;1320;659;40
19400;1380;426;40
_5990I;0;46;40
_5990I;60;28;40
_5990I;120;26;40
_5990I;180;14;40
_5990I;240;20;40
_5990I;300;73;40
_5990I;360;175;40
_5990I;420;460;40
_5990I;480;402;40
_5990I;540;308;40
_5990I;600;245;40
_5990I;660;201;40
_5990I;720;257;40
_5990I;780;241;40
_5990I;840;265;40
_5990I;900;284;40
_5990I;960;241;40
_5990I;1020;239;40
_5990I;1080;235;40
_5990I;1140;240;40
_5990I;1200;164;40
_5990I;1260;131;40
_5990I;1320;124;40
_5990I;1380;86;40
_5990O;0;136;40
_5990O;60;87;40
_5990O;120;54;40
_5990O;180;53;40
_5990O;240;31;40
_5990O;300;198;40
_5990O;360;332;40
_5990O;420;504;40
_5990O;480;556;40
_5990O;540;551;40
_5990O;600;524;40
_5990O;660;488;40
_5990O;720;533;40
_5990O;780;570;40
_5990O;840;614;40
_5990O;900;772;40
_5990O;960;805;40
_5990O;1020;858;40
_5990O;1080;737;40
_5990O;1140;739;40
_5990O;1200;571;40
_5990O;1260;429;40
_5990O;1320;463;40
_5990O;1380;323;40
_e1_28I;0;94;40
_e1_28I;60;59;40
_e1_28I;120;42;40
_e1_28I;180;34;40
_e1_28I;240;24;40
_e1_28I;300;123;40
_e1_28I;360;239;40
_e1_28I;420;461;40
_e1_28I;480;467;40
_e1_28I;540;424;40
_e1_28I;600;384;40
_e1_28I;660;347;40
_e1_28I;720;398;40
_e1_28I;780;407;40
_e1_28I;840;441;40
_e1_28I;900;530;40
_e1_28I;960;530;40
_e1_28I;1020;553;40
_e1_28I;1080;491;40
_e1_28I;1140;497;40
_e1_28I;1200;371;40
_e1_28I;1260;281;40
_e1_28I;1320;294;40
_e1_28I;1380;206;40
_e1_28O;0;88;40
_e1_28O;60;56;40
_e1_28O;120;38;40
_e1_28O;180;34;40
_e1_28O;240;27;40
_e1_28O;300;148;40
_e1_28O;360;268;40
_e1_28O;420;503;40
_e1_28O;480;491;40
_e1_28O;540;435;40
_e1_28O;600;384;40
_e1_28O;660;342;40
_e1_28O;720;392;40
_e1_28O;780;404;40
_e1_28O;840;438;40
_e1_28O;900;526;40
_e1_28O;960;516;40
_e1_28O;1020;544;40
_e1_28O;1080;481;40
_e1_28O;1140;482;40
_e1_28O;1200;364;40
_e1_28O;1260;279;40
_e1_28O;1320;294;40
_e1_28O;1380;203;40
_e1_25I;0;558;40
_e1_25I;60;260;40
_e1_25I;120;203;40
_e1_25I;180;164;40
_e1_25I;240;215;40
_e1_25I;300;543;40
_e1_25I;360;940;40
_e1_25I;420;1072;40
_e1_25I;480;1039;40
_e1_25I;540;931;40
_e1_25I;600;820;40
_e1_25I;660;811;40
_e1_25I;720;1094;40
_e1_25I;780;1222;40
_e1_25I;840;1419;40
_e1_25I;900;1612;40
_e1_25I;960;2228;40
_e1_25I;1020;2155;40
_e1_25I;1080;1764;40
_e1_25I;1140;1333;40
_e1_25I;1200;974;40
_e1_25I;1260;848;40
_e1_25I;1320;764;40
_e1_25I;1380;620;40
38682;0;558;40
38682;60;260;40
38682;120;203;40
38682;180;164;40
38682;240;215;40
38682;300;543;40
38682;360;940;40
38682;420;1072;40
38682;480;1039;40
38682;540;931;40
38682;600;821;40
38682;660;811;40
38682;720;1094;40
38682;780;1222;40
38682;840;1419;40
38682;900;1612;40
38682;960;2228;40
38682;1020;2155;40
38682;1080;1764;40
38682;1140;1333;40
38682;1200;974;40
38682;1260;848;40
38682;1320;764;40
38682;1380;620;40
_8054I;0;137;40
_8054I;60;86;40
_8054I;120;49;40
_8054I;180;29;40
_8054I;240;77;40
_8054I;300;246;40
_8054I;360;704;40
_8054I;420;882;40
_8054I;480;657;40
_8054I;540;767;40
_8054I;600;677;40
_8054I;660;659;40
_8054I;720;668;40
_8054I;780;592;40
_8054I;840;644;40
_8054I;900;596;40
_8054I;960;581;40
_8054I;1020;631;40
_8054I;1080;666;40
_8054I;1140;575;40
_8054I;1200;493;40
_8054I;1260;506;40
_8054I;1320;402;40
_8054I;1380;267;40
_8054O;0;91;40
_8054O;60;48;40
_8054O;120;27;40
_8054O;180;27;40
_8054O;240;26;40
_8054O;300;94;40
_8054O;360;158;40
_8054O;420;437;40
_8054O;480;351;40
_8054O;540;376;40
_8054O;600;390;40
_8054O;660;440;40
_8054O;720;437;40
_8054O;780;486;40
_8054O;840;605;40
_8054O;900;778;40
_8054O;960;906;40
_8054O;1020;946;40
_8054O;1080;722;40
_8054O;1140;603;40
_8054O;1200;451;40
_8054O;1260;346;40
_8054O;1320;229;40
_8054O;1380;210;40
_e1_26I;0;287;40
_e1_26I;60;134;40
_e1_26I;120;105;40
_e1_26I;180;82;40
_e1_26I;240;102;40
_e1_26I;300;246;40
_e1_26I;360;443;40
_e1_26I;420;512;40
_e1_26I;480;507;40
_e1_26I;540;459;40
_e1_26I;600;410;40
_e1_26I;660;409;40
_e1_26I;720;551;40
_e1_26I;780;613;40
_e1_26I;840;712;40
_e1_26I;900;809;40
_e1_26I;960;1128;40
_e1_26I;1020;1086;40
_e1_26I;1080;891;40
_e1_26I;1140;677;40
_e1_26I;1200;492;40
_e1_26I;1260;426;40
_e1_26I;1320;382;40
_e1_26I;1380;313;40
_e1_26O;0;271;40
_e1_26O;60;126;40
_e1_26O;120;98;40
_e1_26O;180;82;40
_e1_26O;240;113;40
_e1_26O;300;297;40
_e1_26O;360;497;40
_e1_26O;420;560;40
_e1_26O;480;532;40
_e1_26O;540;472;40
_e1_26O;600;410;40
_e1_26O;660;402;40
_e1_26O;720;543;40
_e1_26O;780;609;40
_e1_26O;840;707;40
_e1_26O;900;803;40
_e1_26O;960;1100;40
_e1_26O;1020;1069;40
_e1_26O;1080;873;40
_e1_26O;1140;656;40
_e1_26O;1200;482;40
_e1_26O;1260;422;40
_e1_26O;1320;382;40
_e1_26O;1380;307;40
